<?xml version="1.0" encoding="UTF-8"?>
<rss version="2.0" xmlns:ror="http://rorweb.com/0.1/" >
<channel>
  <title>ROR Sitemap for https://subhalava.com/</title>
  <link>https://subhalava.com/</link>

<item>
     <link>https://subhalava.com/</link>
     <title>What is my Zodiac Sign?</title>
     <description>Free web app to check your zodiac sign / zodiac symbol, designed and developed by Anupam Mondal. Both Sidereal / Tropical Zodiac options are available for public</description>
     <ror:updatePeriod></ror:updatePeriod>
     <ror:sortOrder>0</ror:sortOrder>
     <ror:resourceOf>sitemap</ror:resourceOf>
</item>
</channel>
</rss>
  